email,password
aedsell0@t-online.de,heed8Xln
bpearch1@w3.org,lEQNFFJ
bsyddall2@hhs.gov,VP20D3r
shunnicutt3@baidu.com,7lo485BnL
mmenpes4@wunderground.com,6DWrmsx
fedridge5@vimeo.com,X9tJmbUluF
nivanets6@youtu.be,yLX67Q
aarnatt7@list-manage.com,zDFpV4D
dcroome8@japanpost.jp,INFDUPafvkTf
mstanman9@irs.gov,AtoKFeQxJWI
cbotea@arstechnica.com,sNGprxAS7BtW
fbrislaneb@telegraph.co.uk,MZroHIMHlPE
gsadlerc@merriam-webster.com,5BmTGUXmLozt
igeindred@house.gov,VQP4spRLWK
mortese@elegantthemes.com,7YiiGk
ceckhardf@bandcamp.com,C3kwn4I
tbullantg@godaddy.com,jISD5zQGUP
shughsh@ocn.ne.jp,Yj0Jr6T7a
smackennyi@photobucket.com,dAc3yzbG2gkD
cbernettej@multiply.com,om5Fha
eevenettk@nydailynews.com,8cM1KCV4
tbrownriggl@ucsd.edu,sNnlUuL
rfarnfieldm@ebay.com,R0M3oqgj4C
cmoinen@adobe.com,OXsU99eW6
mmedinao@indiatimes.com,6AWyKEWMbWzK
gsisleyp@google.de,Ig31Nyr2
ewannanq@soup.io,dEo7hig
wtarbertr@storify.com,YO4tj79fl
zsigns@homestead.com,1R1Q5NV8EDz
dcouttest@surveymonkey.com,sfoIkPM
kfrightu@imdb.com,4pqpylxImwt
awildashv@bbb.org,t50yddm7E7C
pcuredellw@webnode.com,KV6NvU
nscholigx@cbslocal.com,pvM4GSYIEBtK
espellingy@whitehouse.gov,xvITGY
dwalewskiz@printfriendly.com,9Zn9g3Zn
bbedboro10@ft.com,Wkol0amBA3
srameaux11@washingtonpost.com,NJILQQfKnX
ahasser12@drupal.org,mkeUfibEvq
dbrodbin13@slideshare.net,JCbqWX1
jgrimbleby14@plala.or.jp,l22k5PLqdcFO
bhanham15@mit.edu,cOhk70oQe
dgautrey16@kickstarter.com,YN0HiUI
mmcglynn17@businessinsider.com,FT8Vyonf5v3d
chuddart18@state.gov,66yJcurHo
bcharlson19@tiny.cc,Vo67P9IGeDM
iorourke1a@berkeley.edu,aZbImviYcX
rbenting1b@arstechnica.com,Wo6L8E2jEP
rmaun1c@hc360.com,VESr91dPf06k
ggypson1d@scientificamerican.com,pn1MiOyS
klewzey1e@nyu.edu,ppxxM3WExrUp
dpollicott1f@wikipedia.org,g44gRkFaLMjQ
ldevote1g@artisteer.com,2N8Qto
cchaytor1h@bigcartel.com,cLeuWZv
kalesin1i@bigcartel.com,kMBSLsEpIVUw
obeecraft1j@noaa.gov,h4q7RXtmncx
sstoacley1k@cbslocal.com,81dKz70
egraben1l@deliciousdays.com,CFEgN7Ckx
hlidgey1m@blinklist.com,riBIXIAcIJ
hfaucett1n@va.gov,OaN6cqIU
araunds1o@biblegateway.com,B8De3kcx5
cbusher1p@mysql.com,Z0OO91
ltuck1q@economist.com,i2NYlYO
msekulla1r@gov.uk,rB4jJ8g3X
cesch1s@vk.com,t7l5mSvu
pboustead1t@dagondesign.com,ygdw0Nk9S7u
wert1u@yellowpages.com,4W3TFa7F
npowys1v@dyndns.org,M3YKic
mlusher1w@noaa.gov,QODgpsFfdenT
dvesco1x@nifty.com,qHFaA9
hmckerley1y@techcrunch.com,EwDErPaS2
loganian1z@hubpages.com,TMyhUcsaf2O8
gakester20@pcworld.com,vNktUX
kblackeby21@illinois.edu,hkLWv7wJt
deads22@angelfire.com,eJIzRK7H
dollarenshaw23@adobe.com,8dq9gs3KHHrM
mcarmel24@sogou.com,A6J8lhDW
bperschke25@usgs.gov,wFrMoMDpt
brosbottom26@army.mil,3DKnN2fr
abaversor27@comsenz.com,w6Bdtvyw
pyakovlev28@behance.net,EQJ2UB7
ddigan29@cam.ac.uk,NTjemy18
mrankin2a@army.mil,r2C0BkjKfys
psterley2b@altervista.org,zQS6xpm
gbarclay2c@newsvine.com,O4HZMza7n
kisakson2d@marketwatch.com,lx1Ups6v92br
csarney2e@webmd.com,43Ln3edvWD
ajorez2f@slideshare.net,eWVczdRP5
jbandiera2g@examiner.com,uaodJqxHWv
cboulde2h@about.com,u2LzgJe
slathee2i@tripod.com,tNxClNXp
amacgebenay2j@drupal.org,xUoFSvpmn
zrittmeier2k@forbes.com,BdJXAOHR
bpryke2l@livejournal.com,rjYhHxj
owatters2m@photobucket.com,QuYuufq35w
oteissier2n@yolasite.com,9PNL9nO3
vtrembey2o@yale.edu,SFid4J8l4q6q
csodory2p@bbb.org,nMhn5oqTHEW
eizakoff2q@com.com,1APEQVqfPQX6
avonbrook2r@woothemes.com,OsKZA7o
lwickstead2s@sfgate.com,Xtz6d5JFzT
msoal2t@multiply.com,NNfZz5W0E
wfilyukov2u@surveymonkey.com,FyMAjKI
nwoolliams2v@army.mil,6yDcF0evi
glalley2w@usatoday.com,NEWPWpP
acordero2x@cbsnews.com,YbPKVo
aallday2y@4shared.com,3YfwdtV
wblakemore2z@bloomberg.com,g9mXvvaDuA
vheersema30@meetup.com,Z673W3x2
rmark31@nps.gov,sQRNAnnH
mgillison32@exblog.jp,Hrf1RRlTqmf5
bscini33@infoseek.co.jp,jNwAHh
eayshford34@51.la,74bUw1n1zKBv
pleasor35@tuttocitta.it,XmYLTB
rwalcher36@berkeley.edu,n3HBd283
mmccroary37@taobao.com,ikxtFKbw0bmy
asisneros38@cnbc.com,yGBwDuG6nstB
snolder39@economist.com,HhfNHPeJvSi
alargent3a@ask.com,nJ679tw
vmayo3b@liveinternet.ru,2giorCuSAj
gbichener3c@columbia.edu,5dHQ1N79h
ncandlin3d@ox.ac.uk,partSy5OL
rwield3e@posterous.com,IYp8o1
abauld3f@netscape.com,KGO9NA
vmontfort3g@cisco.com,MezpeoVTW
tpehrsson3h@unicef.org,HlSZHEaM7
bhardington3i@ehow.com,GTtP8ZCn
tfranzonetti3j@bizjournals.com,wTUrWsiRb3Ny
lbowton3k@360.cn,e6Jv7fnYMcz
rguilloud3l@storify.com,rp8E0D
aellis3m@gravatar.com,phD75uRFlAN
nelliker3n@biblegateway.com,YIuCchzK
mbaxster3o@opera.com,5BNTmvJYJacj
ldanilin3p@mail.ru,TdDO65BzdgHJ
nmatyasik3q@scientificamerican.com,1sFM6YHuxo
tbengefield3r@newsvine.com,cDnwr3M3xA8l
etisor3s@admin.ch,F01qfG
plongfut3t@paypal.com,JZk6CME7
bmicheau3u@tiny.cc,NiVvznC7gxTE
bdurban3v@guardian.co.uk,QMLVrAj0
gtucknott3w@ox.ac.uk,t9tazA8l
fbatchelder3x@pinterest.com,bACaF4K
frahlof3y@acquirethisname.com,hTCinNtEv7
hwilfing3z@merriam-webster.com,B5YA3gDuR0B1
pstoak40@independent.co.uk,e45r36tJrFT
afeldfisher41@wufoo.com,BOime0ASZtQt
jbrettor42@so-net.ne.jp,wwjlBpVS
mhessing43@howstuffworks.com,s0vKoCtz1
lredsall44@wsj.com,eUwlc9Qznw
lchevins45@123-reg.co.uk,FrWiuNS7F
twhewell46@ed.gov,cYNfwIIwj
hwray47@themeforest.net,LQaIOxHj
dabbet48@bandcamp.com,Dkx0pL0
kmardle49@dagondesign.com,wCSJGVu
gilyushkin4a@pbs.org,0SPDFs
sfarthin4b@wiley.com,NJGvfbG
emogford4c@edublogs.org,mRrzeEQiB
odoodney4d@bing.com,OuQq6Ul
wfarbrother4e@dion.ne.jp,GVlP64rXLV9v
ezapatero4f@pagesperso-orange.fr,tlHYKzUzW
jpordal4g@ebay.co.uk,DhtWkePBW
asemorad4h@rambler.ru,fng4GP
areisen4i@usnews.com,BDEyG11YJ
wmcnicol4j@samsung.com,pkFfCd
jnormabell4k@yale.edu,YmEIemIn
chugh4l@umn.edu,eTk2E4DLb
dmckelvey4m@xrea.com,KXXo67M
cmatyashev4n@51.la,cZsx6f1GX7
ramery4o@wikipedia.org,ne3UpE
dskeene4p@bigcartel.com,YfkKlDtuqS
cbusen4q@twitpic.com,qF68JiLma
ccrumb4r@sakura.ne.jp,7UYrvi9
hfardon4s@dell.com,TcbNNOMp
aainsworth4t@woothemes.com,DefNZ9j
mraftery4u@paginegialle.it,spCXCwJDnt
jpate4v@stanford.edu,v4178F94Kw
akarsh4w@ed.gov,QRc9cVGqcPV
jclear4x@mail.ru,F4nkoweQtUx
gjedrzejewicz4y@omniture.com,8q2HZqLu
ddri4z@admin.ch,jAA6qPTwfST
ttallet50@yellowbook.com,GfWnbavS
fandriss51@ustream.tv,XdTczXN
lfeenan52@github.io,rfu7IBGNg
gtooher53@craigslist.org,SvTwjBs
mchestnutt54@tumblr.com,gflJ6EjPsEZA
crowthorne55@prnewswire.com,6f96oK6M
rbardwall56@youtu.be,OYuOoD
sbettles57@comsenz.com,1czasEt
dbushrod58@google.it,pHwsakVBSy
dnorris59@g.co,XtN2ICN1Z
oquickenden5a@adobe.com,Fr0XafORJ
bbernardy5b@mtv.com,KRyECwD0V
jbrabender5c@berkeley.edu,EVCvFhelfK
bkelberer5d@ask.com,MFVBHs
nsalkeld5e@blinklist.com,osg2dcju3B
fgentile5f@csmonitor.com,GthT21S2G3G
cmcneigh5g@wsj.com,9Y8QOXh8cX9
cjellybrand5h@springer.com,MpIPTW1G3
nhofler5i@google.ru,ZCAuYJTrq
crumsey5j@bluehost.com,dz3FvU7
jelgood5k@pcworld.com,DswB63Q
asmeuin5l@state.gov,tzoIrNJoc
jwiseman5m@state.gov,45zZ0LR
rlangmuir5n@1688.com,XtMaFsOp
dkenshole5o@bloglines.com,VwXSSxjTH6jg
clachaize5p@latimes.com,eGf60ly
dmarryatt5q@shutterfly.com,4ZVReQeYyC
sambrodi5r@guardian.co.uk,cGzpOcS
cbeamond5s@cmu.edu,EhGZHnFmyE
kbolstridge5t@sphinn.com,uVnOluQmm
ecowland5u@blogspot.com,P97Cqmdv5q
cfarr5v@dot.gov,CT9fF7
crodda5w@spiegel.de,Dm3hGKHu
speart5x@google.fr,VhH7xvAVJMX
nstaniforth5y@harvard.edu,l4Cp9BzZVW
iguillon5z@weibo.com,9l1JgOhEopn
jlaws60@ocn.ne.jp,egltT7pj
cbradborne61@cornell.edu,KNH4vfGjJ
mhedger62@flickr.com,lMt5cgs
thoneywood63@cyberchimps.com,VHsIC8ttZ
oearle64@answers.com,1ckSaeXOF
hilyasov65@patch.com,N0Tx0E4y
lsiddle66@thetimes.co.uk,IiaaWeEpkX
wwaison67@vkontakte.ru,BxX4PZTF
elyffe68@livejournal.com,zH8rpV
pverrill69@seesaa.net,qT93BAJcMr9
abaffin6a@unicef.org,ztbNGI
mwhitebrook6b@e-recht24.de,0EP7uTgAO
mdearell6c@sogou.com,7DFtPioH1RyQ
scosti6d@washington.edu,TwoCxxNfGJa4
ncasine6e@bbb.org,UtbL2Gx
adykins6f@gravatar.com,bDPEUR6z
jredborn6g@pcworld.com,BrS6DkJQcww
mpoll6h@etsy.com,YGnl0i38I
sbransby6i@livejournal.com,IPjqvkDjU1
mschonfeld6j@archive.org,nABONFve
dworthy6k@twitter.com,S76SgJ
amcpake6l@nih.gov,g6y9C2
hkeoghan6m@reuters.com,Qg5tzwJsF1o
ebeckinsale6n@youtu.be,w2OlYqt
wdarnbrough6o@cbc.ca,XNW8esMvG
cbirchill6p@desdev.cn,Pzh0laYExp1
broll6q@vistaprint.com,KRlPqtdqe
acoupar6r@youtube.com,0NIb9nw
mgail6s@4shared.com,1O8e3t
fjohantges6t@goodreads.com,AhjM4QseK8
lcorain6u@hhs.gov,EuNG9fhQn
vgabler6v@wp.com,dXJMJTL0IEdV
mdrewes6w@wufoo.com,MEb0SVOs
nlothean6x@geocities.jp,5lEe4h
rolyfat6y@forbes.com,bgjlNnfg65Rz
usturman6z@wordpress.org,A4xXQRBr
jstrongman70@tripadvisor.com,NN6JV5KF
lguiraud71@addtoany.com,vGIZYSWSzoQ
chayter72@yellowbook.com,hgqoo8
dtoth73@cbslocal.com,qUlwpjJKWH
fworssam74@usnews.com,MnXUoPP0tNm
iquidenham75@statcounter.com,HCG7XE
bfellis76@g.co,O2Q5GVaCZ
wodriscoll77@nhs.uk,dh9u0455
wmewett78@twitpic.com,UieST1S
mmallinson79@google.pl,YhIZ2Am
cpellitt7a@ow.ly,y94snE5tcx
agemlbett7b@friendfeed.com,tmX1C7ABCUb
tnellis7c@omniture.com,DG6bc9p
badao7d@w3.org,ZiMlN6
bbootell7e@digg.com,Gdk7ig8
lbalazot7f@google.de,5WiWgr2
mdorken7g@prnewswire.com,UpDkJ0oRws
hgiannoni7h@flickr.com,bwX4YT
shalversen7i@pinterest.com,PEfl9XqX7M
lhiscoke7j@usgs.gov,VgUw4APrbS
kkasperski7k@ihg.com,P0nYLNExAZ2m
cgiffen7l@newsvine.com,8HK0PiCRNa
bfavelle7m@blog.com,Lb6EGO
unealey7n@marriott.com,FIINSV
jlelievre7o@cnn.com,xbaZ7H8pOqV
asavoury7p@wordpress.com,lqM0JiknrbP
gmacrury7q@indiatimes.com,y4TuCRa5
acoltman7r@hatena.ne.jp,gvXfuzq
tdiamond7s@gov.uk,vcktt6sE8
editty7t@unicef.org,XkqZKTyf8uMZ
cerrington7u@chronoengine.com,PLBRbHQI
dwinsome7v@de.vu,7Vlm2vt
plesaunier7w@tripadvisor.com,F3oAfO5h
elenchenko7x@unblog.fr,1J6ccgA
hbarkhouse7y@ucsd.edu,R7xPTSFw6
gcripwell7z@1688.com,omLgQt
nokerin80@mapquest.com,SG66oFngK
abottoms81@com.com,sLUH3Xc7eEvx
tmatzl82@comsenz.com,NFVVreBO
ttaunton83@irs.gov,oDiRyG9IH
pwoodger84@opensource.org,gkm03D7m6vCv
gstuddeard85@wix.com,8Q5K6hkm0s
kbottoms86@kickstarter.com,conMO8TncvKG
rlegg87@smh.com.au,OkR9CWA972
ekingscote88@imageshack.us,gS3uKqONWuo
htressler89@51.la,DMMXx02fj
tgimbart8a@technorati.com,RVpvR7L
jseawright8b@google.nl,tHPk3tRCF
ghaddleton8c@rediff.com,fCP9Cn5
gdrains8d@toplist.cz,pXuA1280bR3
nlouis8e@networksolutions.com,7zdDOvxsc
emeekins8f@live.com,OSLWY6ZYYeu
mbeadles8g@ox.ac.uk,ajyRPJXQuz
abettles8h@businessweek.com,2Hc5tZ
feastop8i@cafepress.com,ZpQiZSL
kkaasmann8j@hugedomains.com,eEivRLt
fadriani8k@trellian.com,FFnwq6m
gbanaszkiewicz8l@google.ca,Z0IQqBDPzW
shurdedge8m@paginegialle.it,SjeDwwDlUW7
mjudkins8n@freewebs.com,tSFDaG5Y
rbenam8o@apache.org,oODthgRWsR
hhabergham8p@eepurl.com,KAyC8SgSx
ldaffern8q@loc.gov,28ADpLeFdv
dlonghurst8r@xing.com,jxJ05rGoFr
ckeddey8s@twitpic.com,8Rai2DGa
mlockier8t@cargocollective.com,Foqtgbwzu4i
gdidomenico8u@qq.com,oxCL5E85BO
aseywood8v@hugedomains.com,eZIxii0T
ypavlik8w@shinystat.com,O09j3V7
daudley8x@ucla.edu,CGpxJLKwET
tzisneros8y@360.cn,MEch8H6SV
lchuck8z@harvard.edu,Ez4Vmm8X
aescalera90@trellian.com,J4aZye5L6QP
jsheber91@friendfeed.com,319t0Pcx
lqualtrough92@miibeian.gov.cn,JKB33Q0nH5
mcommander93@people.com.cn,drqL0vJBZv
bchalcroft94@time.com,GAPbx798F1J
bstegel95@pcworld.com,D8OuEVH8
lharper96@gravatar.com,6KEWHrh1yt0
choneyghan97@wikispaces.com,ydstAyyVA
bfeldstein98@irs.gov,qfxR8Tm
ltezure99@globo.com,RprhR8gOS
mprint9a@google.co.uk,3px7tOegJuvg
mdukes9b@cpanel.net,pbkaQAQRF35
rgoodfield9c@usnews.com,lGpVlOcfI
rwrotham9d@noaa.gov,5OFA7PI
scrannach9e@businessweek.com,ksxnVS20DB
truffey9f@springer.com,lc7Bw5uz1fID
lskuce9g@globo.com,zbMTmaxjhw
kcastaignet9h@scribd.com,YNtwkvb
hcawthorn9i@about.com,uw9cPcyd
shadye9j@shop-pro.jp,BAexuwzJ4c
mgoodge9k@feedburner.com,NAqxXiMeSWml
ssonley9l@desdev.cn,xG8ccEy2qwKU
hrowantree9m@newyorker.com,0trXgS
cmiltonwhite9n@phpbb.com,i9iKO5Pw25Jy
muzelli9o@163.com,LmP1jW2p
rlandal9p@ucoz.ru,IuaI4nrcYTJE
sadcocks9q@blogspot.com,N6Oxrgn7b8a
acumberledge9r@live.com,wdjcEkk
mpetrolli9s@behance.net,lQ0RIgxG5R9
gbulpitt9t@privacy.gov.au,hv1WflXor
capedaile9u@storify.com,yluohE
cgodbald9v@cocolog-nifty.com,N8fxJDOy3
bstambridge9w@parallels.com,rRp8PE
ctaye9x@ezinearticles.com,uY9PO9
hblois9y@mapy.cz,YH6K9UURzgJV
jwarder9z@opensource.org,yfP0oum3
afinleya0@un.org,qryl2B
ccampionea1@wufoo.com,amljOzx
twilprechta2@go.com,eXlJz8
tgalea3@spotify.com,7tLHqU6VuT
avosta4@prweb.com,PTa2Qgbzut3a
weastbrooka5@princeton.edu,5Ra1xR8QZ4
dwarcupa6@alexa.com,kokg5DV0HYN9
msimlaa7@squarespace.com,lfsKwzXKUv
phargeta8@washington.edu,J3JJFxpS
fshadwicka9@mlb.com,EKMPvz
ospradbrowaa@list-manage.com,37VFn1hvac
dbarrittab@sphinn.com,H4nuAQlfD
pcharerac@4shared.com,pj9xCN
acastagnassoad@columbia.edu,oMnGSpOHeSpy
dcrippellae@clickbank.net,Y3q1CL
ekuresaf@ucoz.com,CP7tFTFs1y
alanonag@ucoz.ru,IeZjfsdO2H3
ogeraldiah@elpais.com,Jl2IodD5N0
wjowleai@tinypic.com,h2585nWQ
awestfieldaj@sohu.com,JNhjDj7AVq
nkingzettak@bigcartel.com,pO40zi5h
gstoneheweral@hhs.gov,uZmpvep4
lassafam@cnn.com,V0WkDFf
nstimpsonan@hc360.com,JyZGIsHHfk
ckornyakovao@prnewswire.com,jVUtZJu6
kswalesap@uol.com.br,qzR2uSY12Plb
rscougallaq@addtoany.com,PDQzLR3
dwincerar@phoca.cz,Gbii59287V
kwhitlockas@ning.com,OooLMe
gbellamat@xrea.com,OvtzLMkxpy
ggaucherau@businessweek.com,QdSnSIY0o31n
rrountreeav@about.com,ax0y59
rmortlockaw@businessweek.com,Fi4Lx9J
kacremanax@home.pl,l2zVsrR1n
ncosgreaveay@netlog.com,BH58vEfY
btuffsaz@auda.org.au,7RsUCt5
jeddisb0@cnn.com,YHkysklTWjPa
tdedeib1@noaa.gov,ffjD2PIpZe
wgeeb2@army.mil,gvY4fenChdw
bhollingsbyb3@webs.com,now9vGRC
mjohnb4@smh.com.au,clHj01HkOX
agreatreaxb5@goodreads.com,sedX5cs
morteaub6@npr.org,KzB3FiZBBL
vgomersalb7@mapy.cz,SsbiZ9f
blowyb8@blogs.com,0xu98MT
apechtb9@europa.eu,SG82obrY
cattwillba@indiegogo.com,UxMsboW
pkinsleybb@marriott.com,zu3YRITA
laleksashinbc@addtoany.com,PHV6LelXxgZI
jpenderbd@vistaprint.com,h76dtdH
wmenhenittbe@foxnews.com,x1MUxEUG4w
wwitteringbf@shop-pro.jp,hNBdntf6i
afranssenibg@shinystat.com,QfaZVurSxYB
domondbh@gravatar.com,BUpzqu9Gx
gpenvarnebi@networksolutions.com,bBns5Z
ncanniffebj@51.la,ICdVruD93v
bgutmanbk@scientificamerican.com,sjrPY9Ebt
ibartosiakbl@telegraph.co.uk,0c75U6rZg
lbarfittbm@drupal.org,BZAOF2cCyjKi
tjarmainbn@bbb.org,lnO089SkFa0
jcalfbo@tumblr.com,6ZBb8oNIady
bmatchellbp@google.com.br,mskW7tFhh4
svinkbq@google.ru,5QwhKib5Svcn
eakisterbr@facebook.com,IDCsQrtH
pmateubs@google.co.uk,VCgFxwCqK
ldanielybt@java.com,hX9gbsfZp
fgoadsbybu@sohu.com,jyg9Cb
chadleebv@utexas.edu,ohRva3CB
ddubblebw@xing.com,zlz8bidljj0
tstychbx@mapquest.com,XrZUrJljg
dslowgroveby@sakura.ne.jp,jzxTvz
mbiddybz@miibeian.gov.cn,oKMwLstoVgd
vantrackc0@intel.com,eFdGaXIX78
mgiveenc1@shop-pro.jp,HzGEAfQlxEu
bboundsc2@statcounter.com,yPxon3fUi8
zblackwoodc3@cpanel.net,KFHg3v3S5Gw
emanhoodc4@who.int,A9qKEm
kcleugherc5@google.cn,TMqQsG
smaffyc6@blinklist.com,j3Q8usrNLb
fblacketc7@cbsnews.com,JGp2YGNGSE
rwillgrassc8@ihg.com,2186MO5wd
hbunnc9@last.fm,JDF8nNQI
zcoppenhallca@feedburner.com,ztKcTzAU
jwebbercb@plala.or.jp,PTKQdVlElL
wyerborncc@hp.com,KzfbKREe6E
nsheldrakecd@wufoo.com,3TrFg8SakX
awestgarthce@github.io,4PWHU7GcqCNM
mcorneliussencf@zdnet.com,76BoqU
vregancg@dot.gov,iHeXDI8LIpE
jcornbillch@amazon.co.jp,tzQIxsD
rsconeci@google.co.jp,2TWTqw
cphillippscj@opera.com,FeQHh49G
nkuhwaldck@oakley.com,5oAhrPbcxuU
cpaddisoncl@ft.com,ILjwwRqhLLTY
sscourfieldcm@shop-pro.jp,38CNv1UsmV
wstychcn@aol.com,EkaHzPs
croddyco@sitemeter.com,ImgO7Nn
pmargeramcp@cnn.com,AL65l0
hsilcockscq@chicagotribune.com,SQRfdN0k
djoyseycr@wiley.com,yejUlk1S
tchestlecs@smh.com.au,B1oQD8B9xWL
emoresidect@tripadvisor.com,nTbk1S
falthropecu@discuz.net,ZhWYMI8
zbyrdecv@mlb.com,Q22ngLcyW
dbandeycw@networkadvertising.org,u4404FB
llapadulacx@nymag.com,sn0Otz2qk4
lmarskellcy@yale.edu,Tv0FG6
hdarbishirecz@edublogs.org,BZAy7wokjt
urickassed0@reference.com,rNwUHGswaxmN
scartmelld1@google.it,jJnyf0F2xr5Q
mgellierd2@newsvine.com,lIZjvejAAGV
mcallicottd3@ebay.com,TBQwMbR
chambyd4@oakley.com,n4fs8XIqK
dsnoxelld5@dropbox.com,HSCd3msa
dmaierd6@engadget.com,ONpgZSw
kmoled7@hp.com,Isr9WC
ngilleand8@rakuten.co.jp,TKvciM8
oprimod9@hostgator.com,AapoDitI6
drapinettda@guardian.co.uk,ewFrGPknRa
kdrisselldb@wikipedia.org,nX5b1V
sdurkindc@craigslist.org,jbZi62f
pmcsheadd@bing.com,25Qzs9Yxx
kboltde@360.cn,ggLkXXZqZcN
wcornejodf@prlog.org,pI194S0
nstaterfielddg@joomla.org,ARTJHZyDhaYR
mjoycedh@cam.ac.uk,DwawuMSOR
lellgooddi@godaddy.com,UlSFVyU9eo
abondydj@usatoday.com,6WjaofK
rgriffendk@taobao.com,lwbXbZx
kpaulldl@jugem.jp,j4tb9ix68F
vgrisbrookdm@comcast.net,YEMLsezMgk
rwoollarddn@berkeley.edu,yO0RZL3e
jmcgeeverdo@theglobeandmail.com,ogRtLIoAqXN
gjagglidp@bizjournals.com,gE5vuzvYj8d
laronovitzdq@is.gd,Jxyj0YEolk
mliddarddr@liveinternet.ru,qNKoCoXk
msporrijds@cornell.edu,6xJ3Bkx62
gdonisthorpedt@google.ca,j2N1rFHXl
csimkovitzdu@google.com.au,XeTCulx
fpancoustdv@xing.com,LMNZsqXCT
gmaeveladw@geocities.com,naRzjXWBAUMC
lmilldx@ezinearticles.com,NWixIsGaY
rchoulertondy@businesswire.com,wWxII5Gpgy
ypargentdz@csmonitor.com,U0PzA35VlR
rstotharte0@nasa.gov,K2UBGkm
lnattrasse1@joomla.org,0wG8olhU7ExS
acoonihane2@senate.gov,eL0hhEflQF
eaberdeene3@tinypic.com,9KVQ4T9
wpagrame4@epa.gov,E3Am0YNJxYn
cwohlere5@chronoengine.com,WzOJqqHt
cheapse6@forbes.com,iHKTqAsSrTu
smartelete7@live.com,lAHxrpgFC
awalasike8@storify.com,mQ4KHDHbYew
vlegalloe9@noaa.gov,94Ku8CUn
ncloggea@yahoo.com,FOexvAv
sconnochieeb@discovery.com,1qKomU
hwoolfordeec@xinhuanet.com,J6InAX24groU
zhartuped@census.gov,pZhojqo
kmithonee@nps.gov,O59Qoy4m
psantoroef@ocn.ne.jp,AQK45d9IBN
aarpineg@oakley.com,3nEM4tq
lalfeh@unicef.org,u6pQ3jfa
ibetserei@biblegateway.com,HnE0J99Ov
bdomeniconeej@google.com.hk,OMTEMD88aMJ7
mmeechanek@github.io,YX6wmv
mpyzerel@nationalgeographic.com,jpz284N
dchalkeem@foxnews.com,358H5Ik9MxQJ
froebucken@google.co.jp,cE97Fr1N
mdaggeo@opera.com,6wp468y
mjacqueminetep@geocities.com,JICIFw
dburdeeq@earthlink.net,tMoQWvF2Auj
bhorcheer@vkontakte.ru,kWqaapXSTg
mbauntones@reddit.com,fzX8srR
tnisbyet@diigo.com,sgNNf31rRh
gsatfordeu@illinois.edu,lsjMvyzKh7Md
kshobrookev@miibeian.gov.cn,sM0SJO
wryceew@etsy.com,WlpRPmP
hchiezeex@webnode.com,w5fmZLa9fJpR
nbuffyey@ameblo.jp,SDvmwOUb9yV
mribbonez@t.co,fEWXCo
amonierf0@salon.com,h0q6hCr4
emccallf1@npr.org,8GUr3Fic
hkyffinf2@statcounter.com,Gq2tasVdEx
djupef3@redcross.org,mNTQJ1BN
rheinkef4@go.com,9ACvVDYo
ibennedickf5@google.es,V7Cll4
ebrosolif6@opensource.org,nIM5FJeG
mwinshipf7@yellowpages.com,D7UDyHxjt
tmurpheyf8@blogtalkradio.com,WPpQwISn
bcopplestonef9@barnesandnoble.com,HHUbnOYG5
cdarthefa@cdbaby.com,TZh5tvVnibs
tpennettafb@gmpg.org,wZTd19
mpantherfc@msn.com,LKph9X9VXPAa
ltoomerfd@sohu.com,sy7BiVwUWi
zfairweatherfe@biblegateway.com,lYHjfU6SyZ7
pdreyeff@abc.net.au,j9YX2swLyDID
fleithgoefg@yale.edu,fieWvVLEClh5
cboheyfh@apache.org,kCz0lbXIKen0
dculterfi@list-manage.com,c36dijl
ckhilkovfj@networkadvertising.org,MevaeTMaR7
wferruccifk@t-online.de,K1AwEP8Waz
kfennefl@addtoany.com,TxcAh6iOmRa
jangricfm@squarespace.com,MHaoTrFAa
kshillittofn@blogs.com,YzCG4iXU38
tgannfo@craigslist.org,qq084mZ7G7
jzackfp@oaic.gov.au,vKiFWz4
aettyfq@nba.com,hlUtzBh7
fgayforthfr@marriott.com,CjYVr2vU
gjosephfs@myspace.com,1QYxLuK81j
mchaikovskift@mit.edu,3iLAM6XJ
mweathersfu@wsj.com,SchVnM8sZDP
rpatmorefv@sfgate.com,xduK5ZlIjCU
tsewallfw@hostgator.com,tS2vsMjyVPb
wtalesfx@hud.gov,yDJmXrJpt
mellamsfy@github.io,hu5Zr9vMnuZ
gnoorefz@taobao.com,XHPPIULy5IK
rmaffionig0@aol.com,7ATmGd664
eairetong1@usgs.gov,Relz64FHhot
fchurching2@ow.ly,KIrdTBlt
kastleyg3@google.com.br,HV6E9de
ngarbettg4@china.com.cn,SpA2pzl8ehyV
abyfordg5@amazon.co.jp,p30CIgJl2b
cberkeleyg6@chicagotribune.com,jVqLuYIK
cgookeyg7@pinterest.com,wZYhBno1
mbroadberrieg8@craigslist.org,8scHI2L7PhzZ
ilavaldeg9@newyorker.com,cBDejZRVKL
lbettanayga@hibu.com,AOcJuC
vbonhomegb@blogs.com,8OQO0GbYQU
bclaveringgc@paypal.com,20PwxXwnD6Ll
gewolsgd@goodreads.com,yc8nrD76Vt
dtrewinnardge@addtoany.com,T9DxYO
adubbergf@ucsd.edu,Bgh65Bq4dR
lstazikergg@tiny.cc,MjddYN6SjduV
doldeygh@nifty.com,UhtlIGgy
okeileygi@hatena.ne.jp,NUvWtGxu
rnewartgj@tumblr.com,USQyB7cR3
ckensholegk@webmd.com,JdhUqb
durwingl@theguardian.com,WIrSkwbWf3eQ
elelandegm@google.fr,MlCYErD
bsallgn@businessweek.com,CEl8P8rg
ehandsgo@blinklist.com,ULI1l6GIzwOT
asaurgp@trellian.com,CcT22zB2FA6o
lwilbudgq@hhs.gov,jQG6WtAS3c3s
dseillergr@google.pl,QPG5t50JlDg3
kocrottygs@histats.com,jgbSNUh0HH3x
gemblemgt@etsy.com,9NXhZS
jvickarmangu@delicious.com,9NZCDBulvYIL
adarbishiregv@google.it,cka7lu
shacardgw@wordpress.org,Zflieap
atabertgx@ftc.gov,SI1tk42
hgayforthgy@cocolog-nifty.com,UZg6K5LDXosO
jbillesgz@paginegialle.it,rwoPs4eaOIk
kcharterish0@e-recht24.de,3EfGaRZE5U
kcoolicanh1@is.gd,yiTGTI
kizonh2@timesonline.co.uk,U6uJj2bfYw0
fdavidoveh3@twitter.com,apLHmO
creutherh4@tinyurl.com,mimrUOr6kNGq
clumberh5@bandcamp.com,GesexoJpBRA
dtraiseh6@arizona.edu,LhmFpagGeq8L
dclappsonh7@ucoz.ru,a4YVBfbP
apiensh8@unc.edu,jtmuYkz
cbayneh9@cisco.com,YtRc0MVo
jfarrierha@digg.com,KmSXut
opothecaryhb@posterous.com,r8mzC840PR
mburdasshc@cnn.com,Dxs2HfImlxnN
wilyinskihd@state.tx.us,zzqU2LpWucX
avaggershe@paypal.com,luZvnnfadg
vnornablehf@google.com.au,QMT5ehHt
ccrissilhg@discuz.net,Y2GN7LHiNT3
tgolbournhh@irs.gov,vDjnw8
fmcaughtriehi@mediafire.com,68S0BxqKs
dmclurghj@stanford.edu,HZbbfD3J5
hcluneyhk@squarespace.com,27CLYnn8b
mparreshl@nih.gov,eKgiCh
agookeshm@samsung.com,xRPypsWqSJ
mmountneyhn@psu.edu,XheG8Ek
aplewsho@digg.com,gFJa2T
btittertonhp@nydailynews.com,LtQFZv4eglwc
asilwoodhq@photobucket.com,JT8xjG
lgiamettihr@digg.com,QXXA58084k6
liddenshs@guardian.co.uk,BAFrLG
dfettesht@constantcontact.com,5eYNMZkiilm
kreddlesdenhu@berkeley.edu,G4rWxO
fdatonhv@exblog.jp,OvBjm8FbQNm8
choneywoodhw@flickr.com,DbWO7Ni
qsercombehx@cbslocal.com,LNhAw7j
agrunsonhy@nsw.gov.au,zPIa4mhYS
rtomaszewiczhz@jimdo.com,wXRRm9
cruleri0@domainmarket.com,jH6mOa
bstickneyi1@xrea.com,LeLhTgN6
rmckeai2@histats.com,oCiYQg
amcimmiei3@nps.gov,XI7WtuU
pstuchberyi4@a8.net,HcBTgOKKPWK1
ckenyami5@scientificamerican.com,CDQNmJ
celdridgei6@biblegateway.com,r9jLnF7VLQd5
eledneri7@google.co.uk,jISAMknv9I
ehurdi8@economist.com,BLUPX9
mfollacaroi9@homestead.com,KCRAT49o
bmattinia@yellowpages.com,boNa9V
afairfoulib@dyndns.org,uLDpPe
ldziwiszic@lulu.com,YPHpRG2c
dryeid@delicious.com,f9STZRKrI5wl
dchaperlinie@archive.org,LQDBi4rNmTp
acrowterif@google.nl,gIWwpbOR6E2O
tkainzig@reverbnation.com,HbWiXLGlyr
pkempstonih@prnewswire.com,JHpouBa
plambardii@microsoft.com,9yX5AGRvv5X
gepinoyij@zimbio.com,oguZTTBo
paultonik@ihg.com,G1Xu5tf9
yortzenil@latimes.com,ZbvmP3Rh2UB
opadburyim@weather.com,djCrjpRA6o
jfeiferin@senate.gov,s2VW3oZ
lstivensio@spotify.com,sacgpnp
dcuerip@marriott.com,V9VjvGxwWTrf
bchiommientiiq@deviantart.com,QRRME1
dmaylourir@networkadvertising.org,aLpqyu
mfogdenis@noaa.gov,pPA8A8U
bpetracekit@theguardian.com,bX0uEyd
bjacobowitsiu@geocities.com,i0HhWV5J
mmorenoiv@flickr.com,LwWjvld
tmatuschekiw@yellowbook.com,806L5kBu
cbarribalix@acquirethisname.com,HqLNUV8kVIgG
tyardleyiy@pen.io,uNxUBfxv
mneweyiz@time.com,qmGGH9fg89Mk
bpriterj0@mapquest.com,bvPXxbsp0Z
sgolsbyj1@meetup.com,QZy56DX
pmalickij2@rakuten.co.jp,7NYVf1cF
itythertonj3@indiatimes.com,RD8GozgP
portsmannj4@51.la,4Trbsal
bgepheartj5@huffingtonpost.com,OOqmst4C5eR
ckarchowskij6@de.vu,HtAijn7I
cmaffij7@histats.com,w7QziKyS8
lrantoullj8@forbes.com,MLBTfAq
brobshawj9@e-recht24.de,Xtk1s2ALwYOS
jisleyja@boston.com,LaSYDuYVqB
arawlisonjb@msu.edu,9TAAZ4HVb7
mwogdonjc@pbs.org,42eOVDmD3
fiacomojd@engadget.com,d4orMIXOb97
bbaudije@psu.edu,no2B1tkI6hAG
fbestarjf@biblegateway.com,QDb9dy
eoscollainjg@ning.com,z9QvpkGxmB
dniezenjh@samsung.com,KRvKkh3hDkkk
dphilpsji@google.pl,FtlCzth34PPf
pnannijj@rambler.ru,7gs1w6f
rviscojk@harvard.edu,kj88xPzr
dglasjl@bbc.co.uk,5Kgo6f0QGzml
gcussinsjm@yahoo.co.jp,dlULDbAH
pblindjn@reuters.com,EXomAUyd7K
twesthoffjo@technorati.com,aSca0QK
ahealdjp@is.gd,5zrRWkR4w
adibbinjq@si.edu,g7Elb2lvS
rmccuddenjr@ebay.co.uk,iCzOae
dvandenhoffjs@cargocollective.com,aphmhjE9142t
pdevennyjt@dell.com,z2l1wURE6V
rfuzzardju@ifeng.com,uu2uCFJI4
kandrasjv@businessinsider.com,qO90nvH
aofeeneyjw@lulu.com,lkPz3pyv
ojolliffejx@etsy.com,RIIMua
npearceyjy@whitehouse.gov,ubsAf9fhkuCj
cpochinjz@state.tx.us,XmfEE8yx8Ft
tswornek0@aboutads.info,Hc1NElDASm2v
stinek1@cdbaby.com,6Jjj1Yo9e
wdowsk2@sphinn.com,S57vARX8
fdunkerlyk3@reddit.com,5MyP989T
agrassink4@sitemeter.com,918ZHuEuX
mandreuk5@google.co.uk,lPBiXY4ZliD
rfullalovek6@ucla.edu,P3QVNSiFeJZH
binkpink7@phpbb.com,oqvDYfc7g
swilsteadk8@sphinn.com,wd6UWdIgzD
pgruszeckik9@skyrock.com,O1pWVceI5Oe
sgladdiska@odnoklassniki.ru,uBX3qbC
acohalankb@tinypic.com,pC4Ll3
swalklottkc@microsoft.com,FfPpDfh
gtitcombkd@dot.gov,9k6A9aR
dbirleyke@twitter.com,bp8ljM3P7
ralabonekf@apple.com,T3ZOJnqfG
ztrowsdallkg@cafepress.com,6JPOrv
cbellchamberkh@desdev.cn,lZ5vywBryTF
cmcelroyki@trellian.com,JDxhtFaFmrk
dchuckkj@latimes.com,5Hl1RD
fstredwickkk@addtoany.com,dIuWJKku3seU
ajoulkl@livejournal.com,7wBkZd
ntometkm@yolasite.com,yrIA22mO
daugustekn@ask.com,89iHd0E
eeddlestonko@hatena.ne.jp,ubH9AT
jeyreekp@hatena.ne.jp,wRIfSo
stiddemankq@nifty.com,qkk2nusMbp
drevillkr@about.me,uiyrFqxGjI
belcombks@tripadvisor.com,wwJbR3MB
smaddafordkt@phoca.cz,S5xuKrmL
omcelreeku@surveymonkey.com,iaxw6L
cmosleykv@time.com,nfHHh0hbh
papedailekw@g.co,GAT2U5SlbxE
nthickettkx@tripadvisor.com,tzwbhdPnXK
cseebrightky@yahoo.co.jp,RBbSlgbH8dK
ggiorgikz@blogtalkradio.com,eRa04ICA
ahumpherstonl0@ftc.gov,RJGPnJit8
mburtwhistlel1@yellowbook.com,wRapiOod0
athebesl2@dell.com,3o3ijGXM
eranyelldl3@barnesandnoble.com,SjVNEsz
jbuyel4@engadget.com,AyGoFejrEon
tfloundersl5@japanpost.jp,sdZik2UX4GzY
biddiensl6@comsenz.com,qArIhP4CGUhp
cvasilkovl7@dropbox.com,wnE9c3f
dstirripl8@dot.gov,I9VU2TZ7pNf
fstockinl9@canalblog.com,neCln6rDv
tmatleyla@slideshare.net,k2iJY9QyTh7
cdarbyshirelb@ezinearticles.com,XIHZ6nItY
cfedorskilc@geocities.com,qtYkZSKJeN
rmostinld@theguardian.com,Q7Ohz9x6AYnA
bslayfordle@google.com.au,TKv5ciskw0Kw
fmeconilf@a8.net,R0r29Xo
kgillieslg@yelp.com,2N7PYNZmPA9v
astlouislh@cnn.com,OTcGXK
fharowerli@dion.ne.jp,d76BzENo
kwilshirelj@epa.gov,H2UuefZ
dertellk@comsenz.com,fDBUpX
rbeckmannll@rediff.com,bHmSNdgcGhxf
cellacottlm@go.com,ZZBlJi4mAG
vbemlottln@wikimedia.org,tdg7zt5
tkornackilo@desdev.cn,PGlTXxi
sralstonlp@google.com,rzzFC7b5kZjS
bedlynelq@bloomberg.com,sHsXxdOXpwhM
wwhaleylr@intel.com,hAL1XZjv
bjohannls@g.co,qoyhm3Jd
prestilllt@google.cn,VmRZnMm
rpedronlu@uiuc.edu,84JeBdffr
kjeremaeslv@independent.co.uk,gbxamLFc
nstonnelllw@wikia.com,Ohw80iizv0rG
trodingerlx@fda.gov,yFVR7HUDiA
kpulestonly@illinois.edu,psnyDH
gogrowganelz@vinaora.com,R2gmv94uaV
mglederm0@bandcamp.com,Edxi1r4
mjachimiakm1@nps.gov,Zh8k93j
jcockramm2@discovery.com,u1IQ5P
aspurgem3@blogspot.com,VjgWSmGY
mcastelinm4@amazon.com,fwOXxtR
clinnitm5@alexa.com,m722g0
ccrocim6@thetimes.co.uk,D9mxQHSV
hseegarm7@rediff.com,cUxxdW
kmumbersonm8@samsung.com,LvyLp6
slambalm9@upenn.edu,R32i3qeLxJu
dcrilleyma@taobao.com,NqyCM2Ay
abissettmb@jugem.jp,dj5DdGIY3Jvn
tmeininkingmc@diigo.com,Cen4fc98S
dfreelandmd@tamu.edu,Wh5co6W
oseamarkeme@google.ca,1IXpVtv9V
mmendoncamf@pcworld.com,XPDu6A7VC7
gbevismg@slideshare.net,UvuOBqb
kwhitemh@addtoany.com,G27N3Johd0
mgellatelymi@google.it,grgjEm5Txx
jawmackmj@newyorker.com,p6WC3q
emccullymk@mysql.com,V3hHuazHHvm0
vwalteringml@barnesandnoble.com,RYOf5qEEvv
wspinigemm@kickstarter.com,Q8zHs8Kks
tlinzeymn@g.co,ECr4qG
sdomercmo@ftc.gov,hsinpPtz
callbutmp@livejournal.com,ksDuDyrQ
kswynleymq@reuters.com,PKpDF0jdswH
bjeffesmr@chicagotribune.com,rHf1EkLw
mwhitfeldms@jugem.jp,2r9dLorGdIb
sfennelowmt@stanford.edu,aLHHvdc
tlearoydmu@umn.edu,jbD0dxEy8z
wkampshellmv@skype.com,IvYcr0
acausticmw@t.co,UbBS7KZl
acombenmx@nydailynews.com,M5sNiaawaS
mvalamy@oakley.com,099o5s
aqueyosmz@goo.gl,5LVFlZvLRkMp
kwildeyn0@hostgator.com,IwhhSl2hWjX9
rsantin1@google.it,fyKkecHQa7
pdullardn2@taobao.com,swvTGCovSv72
fworssamn3@twitter.com,6cCJB9sgK
cneavesn4@chronoengine.com,C5aO292aUcix
kfairlien5@telegraph.co.uk,y55FlGugmMl
nangelon6@cbc.ca,OomPxbq
ubutterfintn7@cnbc.com,7crT3swe
krichingsn8@vimeo.com,jS4H9oNmU
mmorgansn9@exblog.jp,n9dcXBT
zdriuzzina@hatena.ne.jp,1QDNFUK0h
rhatherleynb@wix.com,AvWxwKg3
nsarlenc@t-online.de,ZhF8tF78ODl3
rorfordnd@github.com,nts7RqmA
radneyne@microsoft.com,VfD2rg
ndeliasnf@creativecommons.org,yee90U8fi9b
sgleetonng@gnu.org,MYtshM
lmawdnh@miitbeian.gov.cn,pA71szftJ
aodoireidhni@bing.com,hK2sdaUpz3
dlamperdnj@sphinn.com,71wN9aKp9bPl
clearmouthnk@marriott.com,1FANAziVNANn
rbrideokenl@japanpost.jp,uM5H11v8eQN
btrussenm@cmu.edu,NkoPqxrz4lFH
hkeatchnn@harvard.edu,A1chRr3
hgureryno@istockphoto.com,FuhKhSTCRhNf
jeagellnp@cnn.com,G5etk42BRNY
lcomrienq@sourceforge.net,wJHbcej4
krawnsleynr@fema.gov,kD3GFrrZ68sJ
rlepperns@feedburner.com,YmTKusTs7O
ashoulernt@examiner.com,95tNWgLs9YrC
vjoddinsnu@homestead.com,xOKj4QX
kjerroldnv@time.com,4VoTME
ttuitenw@xing.com,QwaS5j8JUvz
wsparkwellnx@list-manage.com,z55pihu7
amaddrahny@japanpost.jp,PK6mEuOSm
bcrownnz@desdev.cn,FaNjcEheIU2g
wcurringtono0@uiuc.edu,xwHPr8UQzmmE
rwheildono1@usnews.com,TWp8mzxY
trameyo2@samsung.com,6v1WBFjW
fcheltnamo3@microsoft.com,KS4630oyNpXZ
eindgeo4@cpanel.net,CZpFzgWN9
vgiraudato5@google.nl,ANPRnBkZ
escholtzo6@vinaora.com,3gmarAT
lgillebrideo7@w3.org,XkkzYhI
vvillarono8@reuters.com,xBEctMR
jiveryo9@bizjournals.com,rZd291bm5E
daronovoa@so-net.ne.jp,zEFuqEv
mchaffob@vistaprint.com,nvOFHojE
jdelacosteoc@moonfruit.com,KWXAzBkIM
aweinbergod@jiathis.com,2ECCuGCTq
jdjokovicoe@hud.gov,7VPHnVtvv
sconsadineof@timesonline.co.uk,3P5YAPi8Nr
gskuseog@irs.gov,nQ7uCU
bburgonoh@oracle.com,6Xguyo3kuQJ
lsuettoi@xing.com,Vy2UI5wl
fwithersoj@bloglovin.com,MXM6StOs9Qyh
sglowackiok@alexa.com,7cEL3hDgG01
ndekeyserol@wix.com,L5dFvR3c1
mkingzetom@spotify.com,5r5cVO
kbiggamon@parallels.com,jgbzKSagHx
tleithgoeoo@4shared.com,c1V9b4Z4S4E
rgosnallop@arizona.edu,YQ2ndReBOu7
mskeathoq@liveinternet.ru,dkI0OOgRhpeV
nshrubshallor@imdb.com,Nnja552h
dwalickios@livejournal.com,1N4mGlFN
dmcdougalot@tiny.cc,QnVmx2sk
jcarefullou@goo.gl,JLVRNdtEfc
jschulzeov@g.co,H41STZ
ecrosslandow@usgs.gov,FFUxIpc0x6kA
nblackhallox@telegraph.co.uk,QPLDc7k3L1K
vdaylyoy@nasa.gov,nYwnwe8N0
ckilfoyleoz@yellowbook.com,WWmhMbCtJ
eteliginp0@bloomberg.com,h4ohjWT
ajarmainp1@umich.edu,uAPfrmaRI1n9
irovep2@shinystat.com,ikfqUnhwaQO
lmurrump3@acquirethisname.com,zcGHDZ9WEVS
vcroneenp4@japanpost.jp,up5v5ZsEJs
oteacyp5@fema.gov,A1F6pq1M
gsporrijp6@barnesandnoble.com,JYIojkWfxai
yslarkep7@jugem.jp,KIfAnaTxc
tchristinp8@soup.io,vnivLekT
cvangiffenp9@zdnet.com,uKzjAxW
pmiddellpa@linkedin.com,DDdwNT
amacfiepb@alexa.com,2UgcNZ
igeydonpc@chron.com,uGXKUZKGTuCF
sianillipd@gov.uk,aa9zpn
ssealpe@statcounter.com,50ckdSxaei
cstiffpf@macromedia.com,HasxwjQbHR7
mgobelpg@merriam-webster.com,F4erHXuHNQR5
pkernaghanph@sogou.com,C3dAdbI4
smaudettpi@fc2.com,r0wmPKiR
sbroddlepj@whitehouse.gov,6JmZk6O
slarivepk@unc.edu,FB6vZ0P60
btaylorpl@bing.com,0gZvom
miacobaccipm@privacy.gov.au,KkOOZAYt2tn
npouckpn@ucsd.edu,395c3jycKM
twildpo@kickstarter.com,7TlAzh
esextenpp@ameblo.jp,d2yRaK
lrizzolopq@ebay.com,hyHALCDzX
fmagnaypr@engadget.com,js6GCBCB3EI4
nriddichps@themeforest.net,HzGTjVWu
iperrypt@is.gd,sNtXI6l
reltonepu@ucla.edu,woD3b99
imiramspv@adobe.com,gCKfhNtvXr
rlisettpw@yelp.com,KFN4rb
nplumepx@ed.gov,0jkNFl7Nek
vespasapy@china.com.cn,xbdTeOZls
wsintonpz@infoseek.co.jp,nXp2uDArWaO4
cosipenkoq0@bizjournals.com,ARMgSoD
adockrellq1@myspace.com,jtsJmcJOVL
nwedlakeq2@sitemeter.com,fRMnc9C8
mcheverellq3@cam.ac.uk,lr8NKQ
gclewarthq4@latimes.com,1PcRXm5
nlenahanq5@paypal.com,nIj0ml
wutridgeq6@ibm.com,J4cNqU
lnewtownq7@uiuc.edu,5saWj2IbJ
dgeroldiq8@sphinn.com,rnQ1SmV16
gcockshootq9@independent.co.uk,YpGb4S
lstaintonqa@google.es,68aHJZ6Jg
pjardeinqb@wisc.edu,DrXy4z4cw
pcrangleqc@thetimes.co.uk,nFNEfk
pcontiqd@chicagotribune.com,89sVhaK8pm
vgoligherqe@nymag.com,uBIIo3b0yfCc
bweavillqf@livejournal.com,0uPrFmi2d1M
mlillicoqg@un.org,2yaVMfE
scotelardqh@sciencedirect.com,Y4IGLi4l6
pgoodredqi@ebay.com,7NyPAGCJ
mlynthalqj@wp.com,QxvV7uz5a
bfruinqk@dailymotion.com,KqstfLRao
deatockql@networksolutions.com,x5XmcAIw9
tposseqm@live.com,axp27HQ5M2NM
fblackborneqn@wix.com,FsTVBhXGNn4H
rmaggoriniqo@census.gov,sENchljTb7
dbelsherqp@mysql.com,X7sceAWIUY9z
fraubheimqq@cnn.com,x13GTkn9qPt
swatkinsonqr@live.com,oSLPF2f
bbaxstairqs@amazonaws.com,CVOhBeF
lnajaraqt@gov.uk,O7CjtyW
sveldmanqu@fc2.com,xQyThD
dgoldbyqv@harvard.edu,SlpZtFKtXc
asnalomqw@usnews.com,ehu8llA5F
edillamoreqx@mediafire.com,xuFdDRc
gflucksqy@spotify.com,Oi9n3xaKGdW
bmacmanusqz@yahoo.co.jp,kCh2jqaXY
gacer0@adobe.com,AQy70s5vY
ssparkr1@psu.edu,8gVeZaG
dwakerleyr2@cnn.com,AYx0FNPF6
dkoener3@liveinternet.ru,Oc6sfREMi7W
tbaisonr4@arizona.edu,eAhcTiRrb
tnuttr5@omniture.com,LGyZs46ZZc
amartellr6@nbcnews.com,wZNUN3BLuu
rrolstoner7@redcross.org,OSjeuPrym
khumbyr8@123-reg.co.uk,rJDuWk6wDm00
wsaveryr9@desdev.cn,Q5Kt7fUIWWw
bmettrickera@omniture.com,APapdTrLI0V
gwhittallrb@spotify.com,JWJZCMSNWc
fcaldayrourc@blogger.com,waTUBUU96vB
bpowellrd@bbc.co.uk,9A0C8jb
jbogeysre@goodreads.com,GBHA829s
dfeldbaumrf@dailymotion.com,4YwxfDG
aorcottrg@psu.edu,eVTf4qCJs
klulhamrh@globo.com,kMyRN4T
gmountfordri@bandcamp.com,R5tyIdhi
rlebromrj@dot.gov,8eXfzbUwT
sleguinrk@home.pl,fiauAc
amcmeylerrl@shinystat.com,NmyoGJkTw
epargetterrm@si.edu,idg1RUq
mturbefieldrn@t-online.de,AgyCh1sug6fT
cwoodesro@microsoft.com,Glh4XO7w
arubertellirp@usnews.com,mVOUNRIUzK
rhulmesrq@ask.com,VoL92C
ithorsenrr@digg.com,3UJvdSUmWsEZ
